<?xml version="1.0" encoding="UTF-8"?>
<project-private xmlns="http://www.netbeans.org/ns/project-private/1">
    <editor-bookmarks xmlns="http://www.netbeans.org/ns/editor-bookmarks/2" lastBookmarkId="0"/>
    <open-files xmlns="http://www.netbeans.org/ns/projectui-open-files/2">
        <group>
            <file>file:/D:/SMKN%202%20Padang/XII-RPL/Pemrograman%20Berorientasi%20Objek/Aplikasi%20&amp;%20Program/Sistem%20Informasi%20Rumah%20Sakit/src/main/LoginForm.java</file>
            <file>file:/D:/SMKN%202%20Padang/XII-RPL/Pemrograman%20Berorientasi%20Objek/Aplikasi%20&amp;%20Program/Sistem%20Informasi%20Rumah%20Sakit/src/main/MainForm.java</file>
            <file>file:/D:/SMKN%202%20Padang/XII-RPL/Pemrograman%20Berorientasi%20Objek/Aplikasi%20&amp;%20Program/Sistem%20Informasi%20Rumah%20Sakit/src/main/Koneksi.java</file>
            <file>file:/D:/SMKN%202%20Padang/XII-RPL/Pemrograman%20Berorientasi%20Objek/Aplikasi%20&amp;%20Program/Sistem%20Informasi%20Rumah%20Sakit/src/main/rawat/rawatjalan/DataRawatJalanForm.java</file>
        </group>
    </open-files>
</project-private>
